{
  "Maharashtra": [
    "ahmednagar",
    "akola",
    "amarawati",
    "aurangabad",
    "beed",
    "bhandara",
    "chandrapur",
    "dhule",
    "hingoli",
    "jalgaon",
    "kolhapur",
    "latur",
    "mumbai",
    "nagpur",
    "nanded",
    "nandurbar",
    "nashik",
    "parbhani",
    "pune",
    "raigad",
    "ratnagiri",
    "sangli",
    "satara",
    "sholapur",
    "thane",
    "wardha"
  ],
  "Uttar Pradesh": [
    "agra",
    "aligarh",
    "ambedkarnagar",
    "amethi",
    "amroha",
    "auraiya",
    "ayodhya",
    "azamgarh",
    "badaun",
    "baghpat",
    "bahraich",
    "ballia",
    "balrampur",
    "banda",
    "barabanki",
    "bareilly",
    "basti",
    "bijnor",
    "bulandshahar",
    "chandauli",
    "deoria",
    "etah",
    "etawah",
    "fatehpur",
    "firozabad",
    "ghaziabad",
    "ghazipur",
    "gonda",
    "gorakhpur",
    "hardoi",
    "jaunpur",
    "jhansi",
    "kanpur",
    "kaushambi",
    "kushinagar",
    "lalitpur",
    "lucknow",
    "maharajganj",
    "mahoba",
    "mainpuri",
    "mathura",
    "meerut",
    "mirzapur",
    "muzaffarnagar",
    "pratapgarh",
    "prayagraj",
    "rampur",
    "saharanpur",
    "sambhal",
    "shahjahanpur",
    "shamli",
    "shravasti",
    "sitapur",
    "sonbhadra",
    "unnao",
    "varanasi"
  ],
  "Rajasthan": [
    "ajmer",
    "alwar",
    "baran",
    "bharatpur",
    "bhilwara",
    "bikaner",
    "bundi",
    "chittorgarh",
    "churu",
    "dausa",
    "dungarpur",
    "ganganagar",
    "hanumangarh",
    "jaipur",
    "jaisalmer",
    "jalore",
    "jhalawar",
    "jodhpur",
    "karauli",
    "kota",
    "nagaur",
    "pali",
    "pratapgarh",
    "rajsamand",
    "sikar",
    "sirohi",
    "tonk",
    "udaipur"
  ],
  "Haryana": [
    "ambala",
    "bhiwani",
    "faridabad",
    "fatehabad",
    "gurgaon",
    "jind",
    "kaithal",
    "karnal",
    "kurukshetra",
    "mewat",
    "palwal",
    "panchkula",
    "panipat",
    "rewari",
    "rohtak",
    "sirsa",
    "sonipat",
    "yamuna nagar"
  ],
  "West Bengal": [
    "alipurduar",
    "bankura",
    "birbhum",
    "coochbehar",
    "darjeeling",
    "hooghly",
    "howrah",
    "jalpaiguri",
    "kolkata",
    "murshidabad",
    "nadia",
    "north 24 parganas",
    "paschim bardhaman",
    "puruliya"
  ],
  "Himachal Pradesh": [
    "chamba",
    "hamirpur",
    "kangra",
    "kullu",
    "mandi",
    "shimla",
    "solan",
    "una"
  ],
  "Gujarat": [
    "ahmedabad",
    "amreli",
    "anand",
    "bharuch",
    "bhavnagar",
    "dahod",
    "gandhinagar",
    "jamnagar",
    "kheda",
    "navsari",
    "patan",
    "porbandar",
    "rajkot",
    "sabarkantha",
    "surat",
    "surendranagar"
  ],
  "Meghalaya": [
    "east garo hills",
    "east khasi hills",
    "south garo hills",
    "west garo hills",
    "west khasi hills"
  ],
  "Madhya Pradesh": [
    "alirajpur",
    "anupur",
    "balaghat",
    "betul",
    "bhind",
    "bhopal",
    "burhanpur",
    "chhatarpur",
    "chhindwara",
    "damoh",
    "datia",
    "dewas",
    "dhar",
    "dindori",
    "guna",
    "gwalior",
    "harda",
    "hoshangabad",
    "indore",
    "jabalpur",
    "jhabua",
    "katni",
    "khandwa",
    "khargone",
    "mandla",
    "mandsaur",
    "morena",
    "narsinghpur",
    "neemuch",
    "panna",
    "raisen",
    "rajgarh",
    "ratlam",
    "rewa",
    "sagar",
    "satna",
    "seoni",
    "shajapur",
    "sheopur",
    "shivpuri",
    "sidhi",
    "tikamgarh",
    "ujjain",
    "vidisha"
  ],
  "Andhra Pradesh": [
    "adilabad",
    "hyderabad",
    "karimnagar",
    "krishna",
    "kurnool",
    "mahbubnagar",
    "medak",
    "nalgonda",
    "nizamabad",
    "warangal"
  ],
  "Kerala": [
    "alappuzha",
    "ernakulam",
    "idukki",
    "kannur",
    "kollam",
    "kottayam",
    "malappuram",
    "palakad",
    "thiruvananthapuram"
  ],
  "Nagaland": [
    "dimapur",
    "kiphire",
    "kohima",
    "longleng",
    "mokokchung",
    "mon",
    "peren",
    "phek",
    "tuensang",
    "wokha",
    "zunheboto"
  ],
  "Orissa": [
    "angul",
    "bargarh",
    "bhadrak",
    "cuttack",
    "dhenkanal",
    "gajapati",
    "ganjam",
    "jajpur",
    "jharsuguda",
    "kalahandi",
    "kendrapara",
    "keonjhar",
    "khurda",
    "koraput",
    "malkangiri",
    "nayagarh",
    "nuapada",
    "puri",
    "rayagada",
    "sambalpur"
  ],
  "Karnataka": [
    "bagalkot",
    "bangalore",
    "belgaum",
    "bellary",
    "bidar",
    "bijapur",
    "chikmagalur",
    "chitradurga",
    "davangere",
    "dharwad",
    "gadag",
    "hassan",
    "haveri",
    "kolar",
    "koppal",
    "mandya",
    "mysore",
    "raichur",
    "shimoga",
    "tumkur",
    "udupi"
  ],
  "Assam": [
    "dhubri",
    "goalpara",
    "jorhat",
    "kamrup",
    "lakhimpur",
    "nalbari",
    "sonitpur"
  ],
  "Punjab": [
    "amritsar",
    "barnala",
    "faridkot",
    "gurdaspur",
    "hoshiarpur",
    "jalandhar",
    "kapurthala",
    "ludhiana",
    "moga",
    "muktsar",
    "nawanshahr",
    "patiala",
    "sangrur"
  ],
  "Jammu & Kashmir": [
    "jammu",
    "kathua",
    "rajouri",
    "udhampur"
  ],
  "Delhi": [
    "delhi"
  ],
  "Chattisgarh": [
    "dhamtari",
    "durg",
    "janjgir",
    "jashpur",
    "kanker",
    "korba",
    "mahasamund",
    "raipur",
    "rajnandgaon"
  ],
  "Bihar": [
    "araria",
    "banka",
    "bhojpur",
    "buxar",
    "darbhanga",
    "jamui",
    "jehanabad",
    "khagaria",
    "kishanganj",
    "madhepura",
    "madhubani",
    "muzaffarpur",
    "patna",
    "rohtas",
    "samastipur",
    "sheikhpura",
    "sheohar",
    "supaul",
    "vaishali"
  ],
  " Punjab": [
    "fazilka"
  ],
  "Jammu and Kashmir": [
    "anantnag"
  ],
  "Chhattisgarh": [
    "bilaspur"
  ],
  "Uttrakhand": [
    "champawat"
  ],
  "Chandigarh": [
    "chandigarh"
  ],
  "Manipur": [
    "bishnupur",
    "thoubal"
  ],
  "Tamilnadu": [
    "coimbatore",
    "cuddalore",
    "dharmapuri",
    "dindigul",
    "erode",
    "kancheepuram",
    "karur",
    "krishnagiri",
    "madurai",
    "nagapattinam",
    "namakkal",
    "perambalur",
    "ramanathapuram",
    "salem",
    "sivaganga",
    "thanjavur",
    "the nilgiris",
    "theni",
    "thiruchirappalli",
    "thirunelveli",
    "thiruvarur",
    "vellore",
    "villupuram",
    "virudhunagar"
  ],
  "Tripura": [
    "north tripura"
  ],
  "Tamil Nadu": [
    "ranipet",
    "thiruchirappalli",
    "thiruvannamalai"
  ],
  "Gao": [
    "north goa"
  ]
}